title,price,original_price,discount_percent,currency,availability,url,retailer,category,scraped_at
"Midea TORRINO,WQP12-5201F Free Standing 13 Place Settings Intensive Kadhai Cleaning| No Pre-rinse Required Dishwasher",21990.0,33090.0,33.5,INR,In Stock,https://www.flipkart.com/midea-torrino-wqp12-5201f-free-standing-13-place-settings-intensive-kadhai-cleaning-no-pre-rinse-required-dishwasher/p/itmad0527c553818?pid=DSWFTGTEBADWYXKU&lid=LSTDSWFTGTEBADWYXKURQKBZY&marketplace=FLIPKART&q=dishwasher+machine&store=j9e%2Fm38%2F58n&spotlightTagId=default_FkPickId_j9e%2Fm38%2F58n&srno=s_1_1&otracker=search&fm=organic&iid=e0a8c1d0-b2f6-47b9-9b51-e6a5b84d9f27.DSWFTGTEBADWYXKU.SEARCH&ppt=sp&ppn=sp&ssid=jek8yjrni80000001776882291456&qH=ccd08ba28991a7bf&ov_redirect=true&ov_redirect=true,flipkart.com,dishwasher,2026-04-22T18:24:57.296144+00:00
Midea MDWTT0802D(B)IN Free Standing 8 Place Settings Dishwasher,16990.0,27090.0,37.3,INR,In Stock,https://www.flipkart.com/midea-mdwtt0802d-b-in-free-standing-8-place-settings-dishwasher/p/itm74feb54ca1884?pid=DSWH88FFTTRZ8HEG&lid=LSTDSWH88FFTTRZ8HEGHI8YVU&marketplace=FLIPKART&q=dishwasher+machine&store=j9e%2Fm38%2F58n&srno=s_1_2&otracker=search&fm=organic&iid=e0a8c1d0-b2f6-47b9-9b51-e6a5b84d9f27.DSWH88FFTTRZ8HEG.SEARCH&ppt=None&ppn=None&ssid=jek8yjrni80000001776882291456&qH=ccd08ba28991a7bf&ov_redirect=true&ov_redirect=true,flipkart.com,dishwasher,2026-04-22T18:24:57.327981+00:00
BOSCH SMS66GW01I Free Standing 13 Place Settings Intensive Kadhai Cleaning| No Pre-rinse Required Dishwasher,42900.0,52690.0,18.6,INR,In Stock,https://www.flipkart.com/bosch-sms66gw01i-free-standing-13-place-settings-intensive-kadhai-cleaning-no-pre-rinse-required-dishwasher/p/itmfdzsgahybprgb?pid=DSWFDZSG7MCTU3GY&lid=LSTDSWFDZSG7MCTU3GYU21UYW&marketplace=FLIPKART&q=dishwasher+machine&store=j9e%2Fm38%2F58n&srno=s_1_3&otracker=search&fm=organic&iid=e0a8c1d0-b2f6-47b9-9b51-e6a5b84d9f27.DSWFDZSG7MCTU3GY.SEARCH&ppt=None&ppn=None&ssid=jek8yjrni80000001776882291456&qH=ccd08ba28991a7bf&ov_redirect=true&ov_redirect=true,flipkart.com,dishwasher,2026-04-22T18:24:57.350904+00:00
Voltas Beko by  A TATA Product DT8S Free Standing 8 Place Settings Dishwasher,15990.0,23390.0,31.6,INR,In Stock,https://www.flipkart.com/voltas-beko-tata-product-dt8s-free-standing-8-place-settings-dishwasher/p/itmceaa7028fab05?pid=DSWFSMDHWANNZDKG&lid=LSTDSWFSMDHWANNZDKGCTDU3N&marketplace=FLIPKART&q=dishwasher+machine&store=j9e%2Fm38%2F58n&srno=s_1_4&otracker=search&fm=organic&iid=e0a8c1d0-b2f6-47b9-9b51-e6a5b84d9f27.DSWFSMDHWANNZDKG.SEARCH&ppt=None&ppn=None&ssid=jek8yjrni80000001776882291456&qH=ccd08ba28991a7bf&ov_redirect=true&ov_redirect=true,flipkart.com,dishwasher,2026-04-22T18:24:57.376574+00:00
Midea MDWPF1301F(B)IN Free Standing 13 Place Settings Dishwasher,23990.0,33090.0,27.5,INR,In Stock,https://www.flipkart.com/midea-mdwpf1301f-b-in-free-standing-13-place-settings-dishwasher/p/itma1f11bc75e392?pid=DSWH88FFFHW9NW5M&lid=LSTDSWH88FFFHW9NW5M4Y2OSY&marketplace=FLIPKART&q=dishwasher+machine&store=j9e%2Fm38%2F58n&srno=s_1_5&otracker=search&fm=organic&iid=e0a8c1d0-b2f6-47b9-9b51-e6a5b84d9f27.DSWH88FFFHW9NW5M.SEARCH&ppt=None&ppn=None&ssid=jek8yjrni80000001776882291456&qH=ccd08ba28991a7bf&ov_redirect=true&ov_redirect=true,flipkart.com,dishwasher,2026-04-22T18:24:57.410401+00:00
Voltas Beko by  A TATA Product DT8B Free Standing 8 Place Settings Intensive Kadhai Cleaning| No Pre-rinse Required Dishwasher,17522.0,28990.0,39.6,INR,In Stock,https://www.flipkart.com/voltas-beko-tata-product-dt8b-free-standing-8-place-settings-intensive-kadhai-cleaning-no-pre-rinse-required-dishwasher/p/itme6f0ac298c7f5?pid=DSWFV5G7ANRAJ2NZ&lid=LSTDSWFV5G7ANRAJ2NZM9WANQ&marketplace=FLIPKART&q=dishwasher+machine&store=j9e%2Fm38%2F58n&srno=s_1_6&otracker=search&fm=organic&iid=e0a8c1d0-b2f6-47b9-9b51-e6a5b84d9f27.DSWFV5G7ANRAJ2NZ.SEARCH&ppt=None&ppn=None&ssid=jek8yjrni80000001776882291456&qH=ccd08ba28991a7bf&ov_redirect=true&ov_redirect=true,flipkart.com,dishwasher,2026-04-22T18:24:57.444679+00:00
Midea WQP8-3802D Free Standing 8 Place Settings Intensive Kadhai Cleaning| No Pre-rinse Required Dishwasher,15990.0,25790.0,38.0,INR,In Stock,https://www.flipkart.com/midea-wqp8-3802d-free-standing-8-place-settings-intensive-kadhai-cleaning-no-pre-rinse-required-dishwasher/p/itm1bd5652ffb04b?pid=DSWG3CY9BN2VDDFQ&lid=LSTDSWG3CY9BN2VDDFQOYC6HY&marketplace=FLIPKART&q=dishwasher+machine&store=j9e%2Fm38%2F58n&srno=s_1_7&otracker=search&fm=organic&iid=e0a8c1d0-b2f6-47b9-9b51-e6a5b84d9f27.DSWG3CY9BN2VDDFQ.SEARCH&ppt=None&ppn=None&ssid=jek8yjrni80000001776882291456&qH=ccd08ba28991a7bf&ov_redirect=true&ov_redirect=true,flipkart.com,dishwasher,2026-04-22T18:24:57.477937+00:00
BOSCH SMS66GI01I Free Standing 13 Place Settings Intensive Kadhai Cleaning| No Pre-rinse Required Dishwasher,45700.0,56390.0,19.0,INR,In Stock,https://www.flipkart.com/bosch-sms66gi01i-free-standing-13-place-settings-intensive-kadhai-cleaning-no-pre-rinse-required-dishwasher/p/itmfckgbrraznm6r?pid=DSWFCKGBUZZGHJP9&lid=LSTDSWFCKGBUZZGHJP9GLSFKG&marketplace=FLIPKART&q=dishwasher+machine&store=j9e%2Fm38%2F58n&srno=s_1_8&otracker=search&fm=organic&iid=e0a8c1d0-b2f6-47b9-9b51-e6a5b84d9f27.DSWFCKGBUZZGHJP9.SEARCH&ppt=sp&ppn=sp&ssid=jek8yjrni80000001776882291456&qH=ccd08ba28991a7bf&ov_redirect=true&ov_redirect=true,flipkart.com,dishwasher,2026-04-22T18:24:57.511967+00:00
Voltas Beko by  A TATA Product DF14S3 Free Standing 14 Place Settings Dishwasher,29890.0,33990.0,12.1,INR,In Stock,https://www.flipkart.com/voltas-beko-tata-product-df14s3-free-standing-14-place-settings-dishwasher/p/itm49e7866b3e048?pid=DSWGHGJJKZW4ADZK&lid=LSTDSWGHGJJKZW4ADZKZKLRB9&marketplace=FLIPKART&q=dishwasher+machine&store=j9e%2Fm38%2F58n&srno=s_1_9&otracker=search&fm=organic&iid=e0a8c1d0-b2f6-47b9-9b51-e6a5b84d9f27.DSWGHGJJKZW4ADZK.SEARCH&ppt=None&ppn=None&ssid=jek8yjrni80000001776882291456&qH=ccd08ba28991a7bf&ov_redirect=true&ov_redirect=true,flipkart.com,dishwasher,2026-04-22T18:24:57.544838+00:00
BOSCH SMS6IKW01I Home Connect Free Standing 14 Place Settings Dishwasher,45000.0,55990.0,19.6,INR,In Stock,https://www.flipkart.com/bosch-sms6ikw01i-home-connect-free-standing-14-place-settings-dishwasher/p/itm44fa838963fda?pid=DSWHFN9M9AFVEFDJ&lid=LSTDSWHFN9M9AFVEFDJ7JLFVT&marketplace=FLIPKART&q=dishwasher+machine&store=j9e%2Fm38%2F58n&srno=s_1_10&otracker=search&fm=organic&iid=e0a8c1d0-b2f6-47b9-9b51-e6a5b84d9f27.DSWHFN9M9AFVEFDJ.SEARCH&ppt=None&ppn=None&ssid=jek8yjrni80000001776882291456&qH=ccd08ba28991a7bf&ov_redirect=true&ov_redirect=true,flipkart.com,dishwasher,2026-04-22T18:24:57.578539+00:00
BOSCH SMS46KI03I Free Standing 14 Place Settings Intensive Kadhai Cleaning| No Pre-rinse Required Dishwasher,54600.0,66790.0,18.3,INR,In Stock,https://www.flipkart.com/bosch-sms46ki03i-free-standing-14-place-settings-intensive-kadhai-cleaning-no-pre-rinse-required-dishwasher/p/itme035a9f6af0d7?pid=DSWGFZFNJJRFRGAJ&lid=LSTDSWGFZFNJJRFRGAJTWUU54&marketplace=FLIPKART&q=dishwasher+machine&store=j9e%2Fm38%2F58n&srno=s_1_11&otracker=search&fm=organic&iid=e0a8c1d0-b2f6-47b9-9b51-e6a5b84d9f27.DSWGFZFNJJRFRGAJ.SEARCH&ppt=None&ppn=None&ssid=jek8yjrni80000001776882291456&qH=ccd08ba28991a7bf&ov_redirect=true&ov_redirect=true,flipkart.com,dishwasher,2026-04-22T18:24:57.612454+00:00
FABER FFSD 6PR 12S Neo Black Free Standing 12 Place Settings Dishwasher,28712.0,39990.0,28.2,INR,In Stock,https://www.flipkart.com/faber-ffsd-6pr-12s-neo-black-free-standing-12-place-settings-dishwasher/p/itmd63e6bfe26d52?pid=DSWFZTJUSQWNBEG2&lid=LSTDSWFZTJUSQWNBEG2TG3XXQ&marketplace=FLIPKART&q=dishwasher+machine&store=j9e%2Fm38%2F58n&srno=s_1_12&otracker=search&fm=organic&iid=e0a8c1d0-b2f6-47b9-9b51-e6a5b84d9f27.DSWFZTJUSQWNBEG2.SEARCH&ppt=None&ppn=None&ssid=jek8yjrni80000001776882291456&qH=ccd08ba28991a7bf&ov_redirect=true&ov_redirect=true,flipkart.com,dishwasher,2026-04-22T18:24:57.645853+00:00
Voltas Beko DF14S3 Free Standing 14 Place Settings Dishwasher,33990.0,65190.0,47.9,INR,In Stock,https://www.flipkart.com/voltas-beko-df14s3-free-standing-14-place-settings-dishwasher/p/itm30f024a40f027?pid=DSWHHU3C4G5FSGEA&lid=LSTDSWHHU3C4G5FSGEAJPX7MB&marketplace=FLIPKART&q=dishwasher+machine&store=j9e%2Fm38%2F58n&srno=s_1_13&otracker=search&fm=organic&iid=e0a8c1d0-b2f6-47b9-9b51-e6a5b84d9f27.DSWHHU3C4G5FSGEA.SEARCH&ppt=None&ppn=None&ssid=jek8yjrni80000001776882291456&qH=ccd08ba28991a7bf&ov_redirect=true&ov_redirect=true,flipkart.com,dishwasher,2026-04-22T18:24:57.664286+00:00
BOSCH SMS6IKI01I Free Standing 14 Place Settings Dishwasher,46490.0,42990.0,0.0,INR,In Stock,https://www.flipkart.com/bosch-sms6iki01i-free-standing-14-place-settings-dishwasher/p/itme08e35c01d742?pid=DSWHF7RBWCTEGEBD&lid=LSTDSWHF7RBWCTEGEBDG9NUWS&marketplace=FLIPKART&q=dishwasher+machine&store=j9e%2Fm38%2F58n&srno=s_1_14&otracker=search&fm=organic&iid=e0a8c1d0-b2f6-47b9-9b51-e6a5b84d9f27.DSWHF7RBWCTEGEBD.SEARCH&ppt=None&ppn=None&ssid=jek8yjrni80000001776882291456&qH=ccd08ba28991a7bf&ov_redirect=true&ov_redirect=true,flipkart.com,dishwasher,2026-04-22T18:24:57.683042+00:00
FABER FFSD 6PR 12S Neo Free Standing 12 Place Settings Intensive Kadhai Cleaning| No Pre-rinse Required Dishwasher,34572.0,77990.0,55.7,INR,In Stock,https://www.flipkart.com/faber-ffsd-6pr-12s-neo-free-standing-12-place-settings-intensive-kadhai-cleaning-no-pre-rinse-required-dishwasher/p/itm6fe98772cf904?pid=DSWFTP7TSKDZTWZW&lid=LSTDSWFTP7TSKDZTWZWZQBYTZ&marketplace=FLIPKART&q=dishwasher+machine&store=j9e%2Fm38%2F58n&srno=s_1_15&otracker=search&fm=organic&iid=e0a8c1d0-b2f6-47b9-9b51-e6a5b84d9f27.DSWFTP7TSKDZTWZW.SEARCH&ppt=None&ppn=None&ssid=jek8yjrni80000001776882291456&qH=ccd08ba28991a7bf&ov_redirect=true&ov_redirect=true,flipkart.com,dishwasher,2026-04-22T18:24:57.715034+00:00
Godrej DWT EON MGNS 8C NF SKBK Free Standing 8 Place Settings Compact With Inbuilt Heater Dishwasher,30700.0,58990.0,48.0,INR,In Stock,https://www.flipkart.com/godrej-dwt-eon-mgns-8c-nf-skbk-free-standing-8-place-settings-compact-inbuilt-heater-dishwasher/p/itmc4ffd003676cf?pid=DSWG8ZAQTPSJGCCM&lid=LSTDSWG8ZAQTPSJGCCM2A0IBQ&marketplace=FLIPKART&q=dishwasher+machine&store=j9e%2Fm38%2F58n&spotlightTagId=default_TrendingId_j9e%2Fm38%2F58n&srno=s_1_16&otracker=search&fm=organic&iid=e0a8c1d0-b2f6-47b9-9b51-e6a5b84d9f27.DSWG8ZAQTPSJGCCM.SEARCH&ppt=sp&ppn=sp&ssid=jek8yjrni80000001776882291456&qH=ccd08ba28991a7bf&ov_redirect=true&ov_redirect=true,flipkart.com,dishwasher,2026-04-22T18:24:57.764028+00:00
BOSCH SMS6HMI00I Free Standing 15 Place Settings Dishwasher,58790.0,50990.0,0.0,INR,In Stock,https://www.flipkart.com/bosch-sms6hmi00i-free-standing-15-place-settings-dishwasher/p/itm357475deaea0a?pid=DSWH6T34RMTUZSXH&lid=LSTDSWH6T34RMTUZSXHVNER88&marketplace=FLIPKART&q=dishwasher+machine&store=j9e%2Fm38%2F58n&srno=s_1_17&otracker=search&fm=organic&iid=e0a8c1d0-b2f6-47b9-9b51-e6a5b84d9f27.DSWH6T34RMTUZSXH.SEARCH&ppt=None&ppn=None&ssid=jek8yjrni80000001776882291456&qH=ccd08ba28991a7bf&ov_redirect=true&ov_redirect=true,flipkart.com,dishwasher,2026-04-22T18:24:57.787956+00:00
LIVPURE LIV-FS-SPARKLEWASH-12PS-6PR Free Standing 12 Place Settings Dishwasher,47990.0,64990.0,26.2,INR,In Stock,https://www.flipkart.com/livpure-liv-fs-sparklewash-12ps-6pr-free-standing-12-place-settings-dishwasher/p/itmecaa7108376b9?pid=DSWHE2DH7SE83JC5&lid=LSTDSWHE2DH7SE83JC50M3MWC&marketplace=FLIPKART&q=dishwasher+machine&store=j9e%2Fm38%2F58n&srno=s_1_18&otracker=search&fm=organic&iid=e0a8c1d0-b2f6-47b9-9b51-e6a5b84d9f27.DSWHE2DH7SE83JC5.SEARCH&ppt=None&ppn=None&ssid=jek8yjrni80000001776882291456&qH=ccd08ba28991a7bf&ov_redirect=true&ov_redirect=true,flipkart.com,dishwasher,2026-04-22T18:24:57.815695+00:00
BOSCH SMS66GB01I Free Standing 13 Place Settings Dishwasher,47800.0,31990.0,0.0,INR,In Stock,https://www.flipkart.com/bosch-sms66gb01i-free-standing-13-place-settings-dishwasher/p/itm46ce23767870f?pid=DSWHJ7RMRZDVGHRF&lid=LSTDSWHJ7RMRZDVGHRF43EO5B&marketplace=FLIPKART&q=dishwasher+machine&store=j9e%2Fm38%2F58n&srno=s_1_19&otracker=search&fm=organic&iid=e0a8c1d0-b2f6-47b9-9b51-e6a5b84d9f27.DSWHJ7RMRZDVGHRF.SEARCH&ppt=None&ppn=None&ssid=jek8yjrni80000001776882291456&qH=ccd08ba28991a7bf&ov_redirect=true&ov_redirect=true,flipkart.com,dishwasher,2026-04-22T18:24:57.835411+00:00
Hafele Aqua 12S Free Standing 12 Place Settings Intensive Kadhai Cleaning| No Pre-rinse Required Dishwasher,15990.0,62990.0,74.6,INR,In Stock,https://www.flipkart.com/hafele-aqua-12s-free-standing-12-place-settings-intensive-kadhai-cleaning-no-pre-rinse-required-dishwasher/p/itm55f6a49e9ffad?pid=DSWFUJD7GZVPDAQG&lid=LSTDSWFUJD7GZVPDAQGUNNGVN&marketplace=FLIPKART&q=dishwasher+machine&store=j9e%2Fm38%2F58n&spotlightTagId=default_TrendingId_j9e%2Fm38%2F58n&srno=s_1_20&otracker=search&fm=organic&iid=e0a8c1d0-b2f6-47b9-9b51-e6a5b84d9f27.DSWFUJD7GZVPDAQG.SEARCH&ppt=sp&ppn=sp&ssid=jek8yjrni80000001776882291456&qH=ccd08ba28991a7bf&ov_redirect=true&ov_redirect=true,flipkart.com,dishwasher,2026-04-22T18:24:57.866750+00:00
LG DFB424FP Free Standing 14 Place Settings Intensive Kadhai Cleaning| No Pre-rinse Required Dishwasher,52990.0,29990.0,0.0,INR,In Stock,https://www.flipkart.com/lg-dfb424fp-free-standing-14-place-settings-intensive-kadhai-cleaning-no-pre-rinse-required-dishwasher/p/itmffag4ttb5fkm3?pid=DSWFFAG4YRKVBK83&lid=LSTDSWFFAG4YRKVBK83PVHYK1&marketplace=FLIPKART&q=dishwasher+machine&store=j9e%2Fm38%2F58n&srno=s_1_21&otracker=search&fm=organic&iid=e0a8c1d0-b2f6-47b9-9b51-e6a5b84d9f27.DSWFFAG4YRKVBK83.SEARCH&ppt=None&ppn=None&ssid=jek8yjrni80000001776882291456&qH=ccd08ba28991a7bf&ov_redirect=true&ov_redirect=true,flipkart.com,dishwasher,2026-04-22T18:24:57.900130+00:00
FABER FFSD 6PR 8S ACE INOX Free Standing 8 Place Settings Intensive Kadhai Cleaning| No Pre-rinse Required Dishwasher,27092.0,69990.0,61.3,INR,In Stock,https://www.flipkart.com/faber-ffsd-6pr-8s-ace-inox-free-standing-8-place-settings-intensive-kadhai-cleaning-no-pre-rinse-required-dishwasher/p/itm767a0ec52a87e?pid=DSWFZZZFGPA8ESXW&lid=LSTDSWFZZZFGPA8ESXWYKHDOS&marketplace=FLIPKART&q=dishwasher+machine&store=j9e%2Fm38%2F58n&srno=s_1_22&otracker=search&fm=organic&iid=e0a8c1d0-b2f6-47b9-9b51-e6a5b84d9f27.DSWFZZZFGPA8ESXW.SEARCH&ppt=None&ppn=None&ssid=jek8yjrni80000001776882291456&qH=ccd08ba28991a7bf&ov_redirect=true&ov_redirect=true,flipkart.com,dishwasher,2026-04-22T18:24:57.934782+00:00
Voltas Beko DF15A Free Standing 15 Place Settings Dishwasher,51990.0,54990.0,5.5,INR,In Stock,https://www.flipkart.com/voltas-beko-df15a-free-standing-15-place-settings-dishwasher/p/itmcafcb225f389f?pid=DSWHHU3CYHFZTTBV&lid=LSTDSWHHU3CYHFZTTBVC1W82U&marketplace=FLIPKART&q=dishwasher+machine&store=j9e%2Fm38%2F58n&srno=s_1_23&otracker=search&fm=organic&iid=e0a8c1d0-b2f6-47b9-9b51-e6a5b84d9f27.DSWHHU3CYHFZTTBV.SEARCH&ppt=None&ppn=None&ssid=jek8yjrni80000001776882291456&qH=ccd08ba28991a7bf&ov_redirect=true&ov_redirect=true,flipkart.com,dishwasher,2026-04-22T18:24:57.967570+00:00
"IFB Neptune VX16 Free Standing 16 Place Settings with ION Technology, Auto Door Open, 70 Degree Hot Water Wash, Hygienic Steam Drying, Inox Grey Dishwasher",51399.0,58990.0,12.9,INR,In Stock,https://www.flipkart.com/ifb-neptune-vx16-free-standing-16-place-settings-ion-technology-auto-door-open-70-degree-hot-water-wash-hygienic-steam-drying-inox-grey-dishwasher/p/itm9e88be3d62ad9?pid=DSWHFJ4BCXWWNZBY&lid=LSTDSWHFJ4BCXWWNZBY1PV3ZT&marketplace=FLIPKART&q=dishwasher+machine&store=j9e%2Fm38%2F58n&srno=s_1_24&otracker=search&fm=organic&iid=e0a8c1d0-b2f6-47b9-9b51-e6a5b84d9f27.DSWHFJ4BCXWWNZBY.SEARCH&ppt=None&ppn=None&ssid=jek8yjrni80000001776882291456&qH=ccd08ba28991a7bf&ov_redirect=true&ov_redirect=true,flipkart.com,dishwasher,2026-04-22T18:24:58.001001+00:00
FABER FFSD 6PR 8S ACE BLACK Free Standing 8 Place Settings Intensive Kadhai Cleaning| No Pre-rinse Required Dishwasher,25681.0,77490.0,66.9,INR,In Stock,https://www.flipkart.com/faber-ffsd-6pr-8s-ace-black-free-standing-8-place-settings-intensive-kadhai-cleaning-no-pre-rinse-required-dishwasher/p/itmaa2a232767cfa?pid=DSWFZZZFHHQHDXXB&lid=LSTDSWFZZZFHHQHDXXBT0LSHV&marketplace=FLIPKART&q=dishwasher+machine&store=j9e%2Fm38%2F58n&srno=s_1_25&otracker=search&fm=organic&iid=e0a8c1d0-b2f6-47b9-9b51-e6a5b84d9f27.DSWFZZZFHHQHDXXB.SEARCH&ppt=None&ppn=None&ssid=jek8yjrni80000001776882291456&qH=ccd08ba28991a7bf&ov_redirect=true&ov_redirect=true,flipkart.com,dishwasher,2026-04-22T18:24:58.050802+00:00
Voltas Beko DF14S2 Free Standing 14 Place Settings Dishwasher,51990.0,49990.0,0.0,INR,In Stock,https://www.flipkart.com/voltas-beko-df14s2-free-standing-14-place-settings-dishwasher/p/itma0f1480110c89?pid=DSWHHU3CFC9FD2VK&lid=LSTDSWHHU3CFC9FD2VKEDCMKQ&marketplace=FLIPKART&q=dishwasher+machine&store=j9e%2Fm38%2F58n&srno=s_1_26&otracker=search&fm=organic&iid=e0a8c1d0-b2f6-47b9-9b51-e6a5b84d9f27.DSWHHU3CFC9FD2VK.SEARCH&ppt=None&ppn=None&ssid=jek8yjrni80000001776882291456&qH=ccd08ba28991a7bf&ov_redirect=true&ov_redirect=true,flipkart.com,dishwasher,2026-04-22T18:24:58.085060+00:00
"LG DFB424FM Free Standing 14 Place Settings with Wi-Fi , TrueSteam, QuadWash, Inverter Direct Drive, East Rack Plus Dishwasher",61990.0,47990.0,0.0,INR,In Stock,https://www.flipkart.com/lg-dfb424fm-free-standing-14-place-settings-wi-fi-truesteam-quadwash-inverter-direct-drive-east-rack-plus-dishwasher/p/itmffag4ttb5fkm3?pid=DSWGBZB9QZBZGWF3&lid=LSTDSWGBZB9QZBZGWF37XHX6Q&marketplace=FLIPKART&q=dishwasher+machine&store=j9e%2Fm38%2F58n&srno=s_1_27&otracker=search&fm=organic&iid=e0a8c1d0-b2f6-47b9-9b51-e6a5b84d9f27.DSWGBZB9QZBZGWF3.SEARCH&ppt=None&ppn=None&ssid=jek8yjrni80000001776882291456&qH=ccd08ba28991a7bf&ov_redirect=true&ov_redirect=true,flipkart.com,dishwasher,2026-04-22T18:24:58.119631+00:00
IFB NEPTUNE VX2 PLUS Free Standing 16 Place Settings Dishwasher,39999.0,71990.0,44.4,INR,In Stock,https://www.flipkart.com/ifb-neptune-vx2-plus-free-standing-16-place-settings-dishwasher/p/itm6c499b9cab253?pid=DSWGRU9YCTG8WAJU&lid=LSTDSWGRU9YCTG8WAJUE3W0GD&marketplace=FLIPKART&q=dishwasher+machine&store=j9e%2Fm38%2F58n&srno=s_1_28&otracker=search&fm=organic&iid=e0a8c1d0-b2f6-47b9-9b51-e6a5b84d9f27.DSWGRU9YCTG8WAJU.SEARCH&ppt=sp&ppn=sp&ssid=jek8yjrni80000001776882291456&qH=ccd08ba28991a7bf&ov_redirect=true&ov_redirect=true,flipkart.com,dishwasher,2026-04-22T18:24:58.154712+00:00
Hafele Aqua 14XL Free Standing 8 Place Settings Intensive Kadhai Cleaning| No Pre-rinse Required Dishwasher,19887.0,58190.0,65.8,INR,In Stock,https://www.flipkart.com/hafele-aqua-14xl-free-standing-8-place-settings-intensive-kadhai-cleaning-no-pre-rinse-required-dishwasher/p/itme1ff5c5ea5e0b?pid=DSWFWXQC3YGR7YUH&lid=LSTDSWFWXQC3YGR7YUHOHVLD8&marketplace=FLIPKART&q=dishwasher+machine&store=j9e%2Fm38%2F58n&srno=s_1_29&otracker=search&fm=organic&iid=e0a8c1d0-b2f6-47b9-9b51-e6a5b84d9f27.DSWFWXQC3YGR7YUH.SEARCH&ppt=None&ppn=None&ssid=jek8yjrni80000001776882291456&qH=ccd08ba28991a7bf&ov_redirect=true&ov_redirect=true,flipkart.com,dishwasher,2026-04-22T18:24:58.185796+00:00
BOSCH SMP6HMI00I Free Standing 15 Place Settings Dishwasher,77485.0,89990.0,13.9,INR,In Stock,https://www.flipkart.com/bosch-smp6hmi00i-free-standing-15-place-settings-dishwasher/p/itmad56e839fac87?pid=DSWHHS9PHQTNQBS5&lid=LSTDSWHHS9PHQTNQBS5J92HWD&marketplace=FLIPKART&q=dishwasher+machine&store=j9e%2Fm38%2F58n&srno=s_1_30&otracker=search&fm=organic&iid=e0a8c1d0-b2f6-47b9-9b51-e6a5b84d9f27.DSWHHS9PHQTNQBS5.SEARCH&ppt=None&ppn=None&ssid=jek8yjrni80000001776882291456&qH=ccd08ba28991a7bf&ov_redirect=true&ov_redirect=true,flipkart.com,dishwasher,2026-04-22T18:24:58.216654+00:00
"IFB Neptune VX14 Free Standing 14 Place Settings with 70 Degree Hot Water Wash, 360 Degree Spray Arm, Hygienic Steam Drying Dishwasher",41090.0,62190.0,33.9,INR,In Stock,https://www.flipkart.com/ifb-neptune-vx14-free-standing-14-place-settings-70-degree-hot-water-wash-360-spray-arm-hygienic-steam-drying-dishwasher/p/itm9e88be3d62ad9?pid=DSWHFJ4BVHWRG94F&lid=LSTDSWHFJ4BVHWRG94F6ENBLM&marketplace=FLIPKART&q=dishwasher+machine&store=j9e%2Fm38%2F58n&srno=s_1_31&otracker=search&fm=organic&iid=e0a8c1d0-b2f6-47b9-9b51-e6a5b84d9f27.DSWHFJ4BVHWRG94F.SEARCH&ppt=None&ppn=None&ssid=jek8yjrni80000001776882291456&qH=ccd08ba28991a7bf&ov_redirect=true&ov_redirect=true,flipkart.com,dishwasher,2026-04-22T18:24:58.250063+00:00
Midea MDWTT0802D(B) Free Standing 8 Place Settings Dishwasher,29490.0,81190.0,63.7,INR,In Stock,https://www.flipkart.com/midea-mdwtt0802d-b-free-standing-8-place-settings-dishwasher/p/itm895fe56c01f19?pid=DSWGYXR7MGB3YDVG&lid=LSTDSWGYXR7MGB3YDVGOTG7J5&marketplace=FLIPKART&q=dishwasher+machine&store=j9e%2Fm38%2F58n&srno=s_1_32&otracker=search&fm=organic&iid=e0a8c1d0-b2f6-47b9-9b51-e6a5b84d9f27.DSWGYXR7MGB3YDVG.SEARCH&ppt=None&ppn=None&ssid=jek8yjrni80000001776882291456&qH=ccd08ba28991a7bf&ov_redirect=true&ov_redirect=true,flipkart.com,dishwasher,2026-04-22T18:24:58.281109+00:00
IFB Neptune VX1 Plus Free Standing 15 Place Settings Dishwasher,40990.0,79990.0,48.8,INR,In Stock,https://www.flipkart.com/ifb-neptune-vx1-plus-free-standing-15-place-settings-dishwasher/p/itm20b7e8001336e?pid=DSWGGPFNYNYVHDF9&lid=LSTDSWGGPFNYNYVHDF9D08C3W&marketplace=FLIPKART&q=dishwasher+machine&store=j9e%2Fm38%2F58n&srno=s_1_33&otracker=search&fm=organic&iid=e0a8c1d0-b2f6-47b9-9b51-e6a5b84d9f27.DSWGGPFNYNYVHDF9.SEARCH&ppt=None&ppn=None&ssid=jek8yjrni80000001776882291456&qH=ccd08ba28991a7bf&ov_redirect=true&ov_redirect=true,flipkart.com,dishwasher,2026-04-22T18:24:58.311385+00:00
Crompton FS-DWVOA14PS-DS Free Standing 14 Place Settings Dishwasher,53490.0,0.0,0.0,INR,In Stock,https://www.flipkart.com/crompton-fs-dwvoa14ps-ds-free-standing-14-place-settings-dishwasher/p/itm8757d54525c07?pid=DSWH562DGXUSYGHH&lid=LSTDSWH562DGXUSYGHHGCULKZ&marketplace=FLIPKART&q=dishwasher+machine&store=j9e%2Fm38%2F58n&srno=s_1_34&otracker=search&fm=organic&iid=e0a8c1d0-b2f6-47b9-9b51-e6a5b84d9f27.DSWH562DGXUSYGHH.SEARCH&ppt=None&ppn=None&ssid=jek8yjrni80000001776882291456&qH=ccd08ba28991a7bf&ov_redirect=true&ov_redirect=true,flipkart.com,dishwasher,2026-04-22T18:24:58.334893+00:00
BOSCH SMS6HMI01I Free Standing 15 Place Settings Dishwasher,58490.0,0.0,0.0,INR,In Stock,https://www.flipkart.com/bosch-sms6hmi01i-free-standing-15-place-settings-dishwasher/p/itmfd8cc63c96534?pid=DSWHGGNXSZGDAE3N&lid=LSTDSWHGGNXSZGDAE3NK6ESLD&marketplace=FLIPKART&q=dishwasher+machine&store=j9e%2Fm38%2F58n&srno=s_1_35&otracker=search&fm=organic&iid=e0a8c1d0-b2f6-47b9-9b51-e6a5b84d9f27.DSWHGGNXSZGDAE3N.SEARCH&ppt=None&ppn=None&ssid=jek8yjrni80000001776882291456&qH=ccd08ba28991a7bf&ov_redirect=true&ov_redirect=true,flipkart.com,dishwasher,2026-04-22T18:24:58.361201+00:00
Siemens SN256W01GI Free Standing 14 Place Settings Intensive Kadhai Cleaning| No Pre-rinse Required Dishwasher,41186.0,0.0,0.0,INR,In Stock,https://www.flipkart.com/siemens-sn256w01gi-free-standing-14-place-settings-intensive-kadhai-cleaning-no-pre-rinse-required-dishwasher/p/itma89bee3863ba8?pid=DSWG5UFWZAK9Q2JZ&lid=LSTDSWG5UFWZAK9Q2JZQOLIVM&marketplace=FLIPKART&q=dishwasher+machine&store=j9e%2Fm38%2F58n&srno=s_1_36&otracker=search&fm=organic&iid=e0a8c1d0-b2f6-47b9-9b51-e6a5b84d9f27.DSWG5UFWZAK9Q2JZ.SEARCH&ppt=sp&ppn=sp&ssid=jek8yjrni80000001776882291456&qH=ccd08ba28991a7bf&ov_redirect=true&ov_redirect=true,flipkart.com,dishwasher,2026-04-22T18:24:58.383795+00:00
Electrolux ESM48310SX Free Standing 14 Place Settings Dishwasher,58990.0,0.0,0.0,INR,In Stock,https://www.flipkart.com/electrolux-esm48310sx-free-standing-14-place-settings-dishwasher/p/itm50da9cd0c1d19?pid=DSWGTESCZPHR2BQR&lid=LSTDSWGTESCZPHR2BQRBZWYUU&marketplace=FLIPKART&q=dishwasher+machine&store=j9e%2Fm38%2F58n&srno=s_1_37&otracker=search&fm=organic&iid=e0a8c1d0-b2f6-47b9-9b51-e6a5b84d9f27.DSWGTESCZPHR2BQR.SEARCH&ppt=None&ppn=None&ssid=jek8yjrni80000001776882291456&qH=ccd08ba28991a7bf&ov_redirect=true&ov_redirect=true,flipkart.com,dishwasher,2026-04-22T18:24:58.410997+00:00
Siemens SN256I01GI Free Standing 14 Place Settings Intensive Kadhai Cleaning| No Pre-rinse Required Dishwasher,42228.0,0.0,0.0,INR,In Stock,https://www.flipkart.com/siemens-sn256i01gi-free-standing-14-place-settings-intensive-kadhai-cleaning-no-pre-rinse-required-dishwasher/p/itm6ae36c5412c7b?pid=DSWG5UFW2GUUGMRZ&lid=LSTDSWG5UFW2GUUGMRZ4IAWWG&marketplace=FLIPKART&q=dishwasher+machine&store=j9e%2Fm38%2F58n&srno=s_1_38&otracker=search&fm=organic&iid=e0a8c1d0-b2f6-47b9-9b51-e6a5b84d9f27.DSWG5UFW2GUUGMRZ.SEARCH&ppt=None&ppn=None&ssid=jek8yjrni80000001776882291456&qH=ccd08ba28991a7bf&ov_redirect=true&ov_redirect=true,flipkart.com,dishwasher,2026-04-22T18:24:58.431928+00:00
BOSCH SMS6HMC00I Free Standing 15 Place Settings Dishwasher,62290.0,0.0,0.0,INR,In Stock,https://www.flipkart.com/bosch-sms6hmc00i-free-standing-15-place-settings-dishwasher/p/itmf2deeade0b9d5?pid=DSWH6U4NN7GP9K36&lid=LSTDSWH6U4NN7GP9K36ZWPU6N&marketplace=FLIPKART&q=dishwasher+machine&store=j9e%2Fm38%2F58n&srno=s_1_39&otracker=search&fm=organic&iid=e0a8c1d0-b2f6-47b9-9b51-e6a5b84d9f27.DSWH6U4NN7GP9K36.SEARCH&ppt=None&ppn=None&ssid=jek8yjrni80000001776882291456&qH=ccd08ba28991a7bf&ov_redirect=true&ov_redirect=true,flipkart.com,dishwasher,2026-04-22T18:24:58.450355+00:00
"Electrolux UltimateCare 300, ESA47220SW Free Standing 13 Place Settings Dishwasher",44990.0,0.0,0.0,INR,In Stock,https://www.flipkart.com/electrolux-ultimatecare-300-esa47220sw-free-standing-13-place-settings-dishwasher/p/itm1796094784506?pid=DSWGTESCJBUEWWP5&lid=LSTDSWGTESCJBUEWWP5C3KXM5&marketplace=FLIPKART&q=dishwasher+machine&store=j9e%2Fm38%2F58n&srno=s_1_40&otracker=search&fm=organic&iid=e0a8c1d0-b2f6-47b9-9b51-e6a5b84d9f27.DSWGTESCJBUEWWP5.SEARCH&ppt=None&ppn=None&ssid=jek8yjrni80000001776882291456&qH=ccd08ba28991a7bf&ov_redirect=true&ov_redirect=true,flipkart.com,dishwasher,2026-04-22T18:24:58.478378+00:00
BOSCH SMS6ITI01I Free Standing 13 Place Settings Dishwasher,48990.0,61990.0,21.0,INR,In Stock,https://www.flipkart.com/bosch-sms6iti01i-free-standing-13-place-settings-dishwasher/p/itm357475deaea0a?pid=DSWG3Z2DQK5H5VH7&lid=LSTDSWG3Z2DQK5H5VH74DDIDK&marketplace=FLIPKART&q=dishwasher+machine&store=j9e%2Fm38%2F58n&srno=s_2_41&otracker=search&fm=organic&iid=c08de7ca-869a-478f-8aec-f9de960fc3e6.DSWG3Z2DQK5H5VH7.SEARCH&ppt=sp&ppn=sp&ssid=rbc548hbds0000001776882301593&qH=ccd08ba28991a7bf&ov_redirect=true&ov_redirect=true,flipkart.com,dishwasher,2026-04-22T18:25:07.695986+00:00
Electrolux ESZ69300SX Free Standing 15 Place Settings Dishwasher,70490.0,80900.0,12.9,INR,In Stock,https://www.flipkart.com/electrolux-esz69300sx-free-standing-15-place-settings-dishwasher/p/itm50da9cd0c1d19?pid=DSWGTESCQJVJFCDR&lid=LSTDSWGTESCQJVJFCDREM8MHP&marketplace=FLIPKART&q=dishwasher+machine&store=j9e%2Fm38%2F58n&srno=s_2_42&otracker=search&fm=organic&iid=c08de7ca-869a-478f-8aec-f9de960fc3e6.DSWGTESCQJVJFCDR.SEARCH&ppt=sp&ppn=sp&ssid=rbc548hbds0000001776882301593&qH=ccd08ba28991a7bf&ov_redirect=true&ov_redirect=true,flipkart.com,dishwasher,2026-04-22T18:25:07.716839+00:00
LG DFB512FP Free Standing 14 Place Settings Dishwasher,51490.0,59990.0,14.2,INR,In Stock,https://www.flipkart.com/lg-dfb512fp-free-standing-14-place-settings-dishwasher/p/itm587a031422613?pid=DSWH5NZZRMDKW8XZ&lid=LSTDSWH5NZZRMDKW8XZJK759C&marketplace=FLIPKART&q=dishwasher+machine&store=j9e%2Fm38%2F58n&srno=s_2_43&otracker=search&fm=organic&iid=c08de7ca-869a-478f-8aec-f9de960fc3e6.DSWH5NZZRMDKW8XZ.SEARCH&ppt=sp&ppn=sp&ssid=rbc548hbds0000001776882301593&qH=ccd08ba28991a7bf&ov_redirect=true&ov_redirect=true,flipkart.com,dishwasher,2026-04-22T18:25:07.740304+00:00
Siemens SN25II00TI Free Standing 14 Place Settings Dishwasher,45032.0,65690.0,31.4,INR,In Stock,https://www.flipkart.com/siemens-sn25ii00ti-free-standing-14-place-settings-dishwasher/p/itm67bd33017f506?pid=DSWG6YRQVRXY2UQF&lid=LSTDSWG6YRQVRXY2UQFPNPRLJ&marketplace=FLIPKART&q=dishwasher+machine&store=j9e%2Fm38%2F58n&srno=s_2_44&otracker=search&fm=organic&iid=c08de7ca-869a-478f-8aec-f9de960fc3e6.DSWG6YRQVRXY2UQF.SEARCH&ppt=sp&ppn=sp&ssid=rbc548hbds0000001776882301593&qH=ccd08ba28991a7bf&ov_redirect=true&ov_redirect=true,flipkart.com,dishwasher,2026-04-22T18:25:07.768169+00:00
BOSCH SMS6ITW00I Free Standing 14 Place Settings Dishwasher,44821.0,57490.0,22.0,INR,In Stock,https://www.flipkart.com/bosch-sms6itw00i-free-standing-14-place-settings-dishwasher/p/itm86c7887ff338d?pid=DSWG4F9F4QGYYVH8&lid=LSTDSWG4F9F4QGYYVH8WDJG1Y&marketplace=FLIPKART&q=dishwasher+machine&store=j9e%2Fm38%2F58n&srno=s_2_45&otracker=search&fm=organic&iid=c08de7ca-869a-478f-8aec-f9de960fc3e6.DSWG4F9F4QGYYVH8.SEARCH&ppt=sp&ppn=sp&ssid=rbc548hbds0000001776882301593&qH=ccd08ba28991a7bf&ov_redirect=true&ov_redirect=true,flipkart.com,dishwasher,2026-04-22T18:25:07.796325+00:00
MODA Germany OSCAR-SI 60 Semi Integrated Built-in 14 Place Settings Dishwasher,50437.0,62990.0,19.9,INR,In Stock,https://www.flipkart.com/moda-germany-oscar-si-60-semi-integrated-built-in-14-place-settings-dishwasher/p/itm6dd3a83e13a7d?pid=DSWHD74TUN3BZJSD&lid=LSTDSWHD74TUN3BZJSDNY0BLG&marketplace=FLIPKART&q=dishwasher+machine&store=j9e%2Fm38%2F58n&srno=s_2_46&otracker=search&fm=organic&iid=c08de7ca-869a-478f-8aec-f9de960fc3e6.DSWHD74TUN3BZJSD.SEARCH&ppt=sp&ppn=sp&ssid=rbc548hbds0000001776882301593&qH=ccd08ba28991a7bf&ov_redirect=true&ov_redirect=true,flipkart.com,dishwasher,2026-04-22T18:25:07.822386+00:00
Lloyd LDWF14PSB1IC Free Standing 8 Place Settings Intensive Kadhai Cleaning| No Pre-rinse Required Dishwasher,49258.0,49999.0,1.5,INR,In Stock,https://www.flipkart.com/lloyd-ldwf14psb1ic-free-standing-8-place-settings-intensive-kadhai-cleaning-no-pre-rinse-required-dishwasher/p/itm3b0b529fddf51?pid=DSWG2J6JH2QQXPYY&lid=LSTDSWG2J6JH2QQXPYYJOX4H3&marketplace=FLIPKART&q=dishwasher+machine&store=j9e%2Fm38%2F58n&srno=s_2_47&otracker=search&fm=organic&iid=c08de7ca-869a-478f-8aec-f9de960fc3e6.DSWG2J6JH2QQXPYY.SEARCH&ppt=sp&ppn=sp&ssid=rbc548hbds0000001776882301593&qH=ccd08ba28991a7bf&ov_redirect=true&ov_redirect=true,flipkart.com,dishwasher,2026-04-22T18:25:07.848848+00:00
MODA Germany FINN-FI 60 Fully Integrated Built-in 14 Place Settings Dishwasher,56756.0,70990.0,20.1,INR,In Stock,https://www.flipkart.com/moda-germany-finn-fi-60-fully-integrated-built-in-14-place-settings-dishwasher/p/itmf1d625be3e47f?pid=DSWHD72BF2KHRFUZ&lid=LSTDSWHD72BF2KHRFUZT8UOYL&marketplace=FLIPKART&q=dishwasher+machine&store=j9e%2Fm38%2F58n&srno=s_2_48&otracker=search&fm=organic&iid=c08de7ca-869a-478f-8aec-f9de960fc3e6.DSWHD72BF2KHRFUZ.SEARCH&ppt=sp&ppn=sp&ssid=rbc548hbds0000001776882301593&qH=ccd08ba28991a7bf&ov_redirect=true&ov_redirect=true,flipkart.com,dishwasher,2026-04-22T18:25:07.877061+00:00
LG DFB435FM Free Standing 15 Place Settings Dishwasher,66647.0,85999.0,22.5,INR,In Stock,https://www.flipkart.com/lg-dfb435fm-free-standing-15-place-settings-dishwasher/p/itmd7431392eb23c?pid=DSWHJK7DM8ZUMNFN&lid=LSTDSWHJK7DM8ZUMNFNY3BBXL&marketplace=FLIPKART&q=dishwasher+machine&store=j9e%2Fm38%2F58n&srno=s_2_49&otracker=search&fm=organic&iid=c08de7ca-869a-478f-8aec-f9de960fc3e6.DSWHJK7DM8ZUMNFN.SEARCH&ppt=sp&ppn=sp&ssid=rbc548hbds0000001776882301593&qH=ccd08ba28991a7bf&ov_redirect=true&ov_redirect=true,flipkart.com,dishwasher,2026-04-22T18:25:07.904980+00:00
